[{"model": "auth.permission", "pk": 1, "fields": {"name": "Can add log entry", "content_type": 1, "codename": "add_logentry"}}, {"model": "auth.permission", "pk": 2, "fields": {"name": "Can change log entry", "content_type": 1, "codename": "change_logentry"}}, {"model": "auth.permission", "pk": 3, "fields": {"name": "Can delete log entry", "content_type": 1, "codename": "delete_logentry"}}, {"model": "auth.permission", "pk": 4, "fields": {"name": "Can view log entry", "content_type": 1, "codename": "view_logentry"}}, {"model": "auth.permission", "pk": 5, "fields": {"name": "Can add permission", "content_type": 2, "codename": "add_permission"}}, {"model": "auth.permission", "pk": 6, "fields": {"name": "Can change permission", "content_type": 2, "codename": "change_permission"}}, {"model": "auth.permission", "pk": 7, "fields": {"name": "Can delete permission", "content_type": 2, "codename": "delete_permission"}}, {"model": "auth.permission", "pk": 8, "fields": {"name": "Can view permission", "content_type": 2, "codename": "view_permission"}}, {"model": "auth.permission", "pk": 9, "fields": {"name": "Can add group", "content_type": 3, "codename": "add_group"}}, {"model": "auth.permission", "pk": 10, "fields": {"name": "Can change group", "content_type": 3, "codename": "change_group"}}, {"model": "auth.permission", "pk": 11, "fields": {"name": "Can delete group", "content_type": 3, "codename": "delete_group"}}, {"model": "auth.permission", "pk": 12, "fields": {"name": "Can view group", "content_type": 3, "codename": "view_group"}}, {"model": "auth.permission", "pk": 13, "fields": {"name": "Can add content type", "content_type": 4, "codename": "add_contenttype"}}, {"model": "auth.permission", "pk": 14, "fields": {"name": "Can change content type", "content_type": 4, "codename": "change_contenttype"}}, {"model": "auth.permission", "pk": 15, "fields": {"name": "Can delete content type", "content_type": 4, "codename": "delete_contenttype"}}, {"model": "auth.permission", "pk": 16, "fields": {"name": "Can view content type", "content_type": 4, "codename": "view_contenttype"}}, {"model": "auth.permission", "pk": 17, "fields": {"name": "Can add session", "content_type": 5, "codename": "add_session"}}, {"model": "auth.permission", "pk": 18, "fields": {"name": "Can change session", "content_type": 5, "codename": "change_session"}}, {"model": "auth.permission", "pk": 19, "fields": {"name": "Can delete session", "content_type": 5, "codename": "delete_session"}}, {"model": "auth.permission", "pk": 20, "fields": {"name": "Can view session", "content_type": 5, "codename": "view_session"}}, {"model": "auth.permission", "pk": 21, "fields": {"name": "Can add room", "content_type": 6, "codename": "add_room"}}, {"model": "auth.permission", "pk": 22, "fields": {"name": "Can change room", "content_type": 6, "codename": "change_room"}}, {"model": "auth.permission", "pk": 23, "fields": {"name": "Can delete room", "content_type": 6, "codename": "delete_room"}}, {"model": "auth.permission", "pk": 24, "fields": {"name": "Can view room", "content_type": 6, "codename": "view_room"}}, {"model": "auth.permission", "pk": 25, "fields": {"name": "Can add message", "content_type": 7, "codename": "add_message"}}, {"model": "auth.permission", "pk": 26, "fields": {"name": "Can change message", "content_type": 7, "codename": "change_message"}}, {"model": "auth.permission", "pk": 27, "fields": {"name": "Can delete message", "content_type": 7, "codename": "delete_message"}}, {"model": "auth.permission", "pk": 28, "fields": {"name": "Can view message", "content_type": 7, "codename": "view_message"}}, {"model": "auth.permission", "pk": 29, "fields": {"name": "Can add Tag", "content_type": 8, "codename": "add_tag"}}, {"model": "auth.permission", "pk": 30, "fields": {"name": "Can change Tag", "content_type": 8, "codename": "change_tag"}}, {"model": "auth.permission", "pk": 31, "fields": {"name": "Can delete Tag", "content_type": 8, "codename": "delete_tag"}}, {"model": "auth.permission", "pk": 32, "fields": {"name": "Can view Tag", "content_type": 8, "codename": "view_tag"}}, {"model": "auth.permission", "pk": 33, "fields": {"name": "Can add Media", "content_type": 9, "codename": "add_media"}}, {"model": "auth.permission", "pk": 34, "fields": {"name": "Can change Media", "content_type": 9, "codename": "change_media"}}, {"model": "auth.permission", "pk": 35, "fields": {"name": "Can delete Media", "content_type": 9, "codename": "delete_media"}}, {"model": "auth.permission", "pk": 36, "fields": {"name": "Can view Media", "content_type": 9, "codename": "view_media"}}, {"model": "auth.permission", "pk": 37, "fields": {"name": "Can add Media attachment", "content_type": 10, "codename": "add_attachment"}}, {"model": "auth.permission", "pk": 38, "fields": {"name": "Can change Media attachment", "content_type": 10, "codename": "change_attachment"}}, {"model": "auth.permission", "pk": 39, "fields": {"name": "Can delete Media attachment", "content_type": 10, "codename": "delete_attachment"}}, {"model": "auth.permission", "pk": 40, "fields": {"name": "Can view Media attachment", "content_type": 10, "codename": "view_attachment"}}, {"model": "auth.permission", "pk": 41, "fields": {"name": "Can add order", "content_type": 11, "codename": "add_order"}}, {"model": "auth.permission", "pk": 42, "fields": {"name": "Can change order", "content_type": 11, "codename": "change_order"}}, {"model": "auth.permission", "pk": 43, "fields": {"name": "Can delete order", "content_type": 11, "codename": "delete_order"}}, {"model": "auth.permission", "pk": 44, "fields": {"name": "Can view order", "content_type": 11, "codename": "view_order"}}, {"model": "auth.permission", "pk": 45, "fields": {"name": "Can add user", "content_type": 12, "codename": "add_user"}}, {"model": "auth.permission", "pk": 46, "fields": {"name": "Can change user", "content_type": 12, "codename": "change_user"}}, {"model": "auth.permission", "pk": 47, "fields": {"name": "Can delete user", "content_type": 12, "codename": "delete_user"}}, {"model": "auth.permission", "pk": 48, "fields": {"name": "Can view user", "content_type": 12, "codename": "view_user"}}, {"model": "contenttypes.contenttype", "pk": 1, "fields": {"app_label": "admin", "model": "logentry"}}, {"model": "contenttypes.contenttype", "pk": 2, "fields": {"app_label": "auth", "model": "permission"}}, {"model": "contenttypes.contenttype", "pk": 3, "fields": {"app_label": "auth", "model": "group"}}, {"model": "contenttypes.contenttype", "pk": 4, "fields": {"app_label": "contenttypes", "model": "contenttype"}}, {"model": "contenttypes.contenttype", "pk": 5, "fields": {"app_label": "sessions", "model": "session"}}, {"model": "contenttypes.contenttype", "pk": 6, "fields": {"app_label": "chat", "model": "room"}}, {"model": "contenttypes.contenttype", "pk": 7, "fields": {"app_label": "chat", "model": "message"}}, {"model": "contenttypes.contenttype", "pk": 8, "fields": {"app_label": "static_content", "model": "tag"}}, {"model": "contenttypes.contenttype", "pk": 9, "fields": {"app_label": "static_content", "model": "media"}}, {"model": "contenttypes.contenttype", "pk": 10, "fields": {"app_label": "static_content", "model": "attachment"}}, {"model": "contenttypes.contenttype", "pk": 11, "fields": {"app_label": "static_content", "model": "order"}}, {"model": "contenttypes.contenttype", "pk": 12, "fields": {"app_label": "authentication", "model": "user"}}, {"model": "static_content.tag", "pk": 1, "fields": {"name": "big data"}}, {"model": "static_content.media", "pk": 1, "fields": {"name": "homework", "created_at": "2022-08-14T09:59:40.581Z", "updated_at": "2022-08-14T09:59:40.581Z", "owner": 1, "description": "", "is_enabled": true, "cost": "0.00", "is_published": true, "is_approved": false, "was_bought": 0, "tags": [1]}}, {"model": "static_content.media", "pk": 3, "fields": {"name": "homework", "created_at": "2022-08-14T10:18:00.989Z", "updated_at": "2022-08-14T10:18:00.989Z", "owner": 1, "description": "", "is_enabled": true, "cost": "0.00", "is_published": true, "is_approved": false, "was_bought": 0, "tags": [1]}}, {"model": "static_content.media", "pk": 4, "fields": {"name": "homework", "created_at": "2022-08-14T10:26:59.875Z", "updated_at": "2022-08-14T10:26:59.875Z", "owner": 1, "description": "", "is_enabled": true, "cost": "0.00", "is_published": true, "is_approved": false, "was_bought": 0, "tags": [1]}}, {"model": "static_content.media", "pk": 5, "fields": {"name": "homework", "created_at": "2022-08-14T10:29:37.869Z", "updated_at": "2022-08-14T10:29:37.869Z", "owner": 1, "description": "", "is_enabled": true, "cost": "0.00", "is_published": true, "is_approved": true, "was_bought": 0, "tags": [1]}}, {"model": "static_content.media", "pk": 6, "fields": {"name": "homework", "created_at": "2022-08-14T10:37:03.425Z", "updated_at": "2022-08-14T10:37:03.425Z", "owner": 1, "description": "", "is_enabled": true, "cost": "0.00", "is_published": true, "is_approved": false, "was_bought": 0, "tags": [1]}}, {"model": "static_content.media", "pk": 8, "fields": {"name": "homework", "created_at": "2022-08-14T10:53:09.362Z", "updated_at": "2022-08-14T10:53:09.362Z", "owner": 1, "description": "", "is_enabled": true, "cost": "0.00", "is_published": true, "is_approved": false, "was_bought": 0, "tags": [1]}}, {"model": "static_content.media", "pk": 9, "fields": {"name": "homework", "created_at": "2022-08-14T10:55:52.446Z", "updated_at": "2022-08-14T10:55:52.446Z", "owner": 1, "description": "", "is_enabled": true, "cost": "0.00", "is_published": true, "is_approved": false, "was_bought": 0, "tags": [1]}}, {"model": "static_content.media", "pk": 10, "fields": {"name": "homework", "created_at": "2022-08-14T11:05:18.627Z", "updated_at": "2022-08-14T11:05:18.627Z", "owner": 1, "description": "", "is_enabled": true, "cost": "0.00", "is_published": true, "is_approved": false, "was_bought": 0, "tags": [1]}}, {"model": "static_content.media", "pk": 11, "fields": {"name": "homework", "created_at": "2022-08-14T11:30:56.903Z", "updated_at": "2022-08-14T11:30:56.903Z", "owner": 1, "description": "", "is_enabled": true, "cost": "0.00", "is_published": true, "is_approved": false, "was_bought": 0, "tags": [1]}}, {"model": "static_content.media", "pk": 12, "fields": {"name": "homework", "created_at": "2022-08-14T11:31:06.147Z", "updated_at": "2022-08-14T11:31:06.147Z", "owner": 1, "description": "", "is_enabled": true, "cost": "0.00", "is_published": true, "is_approved": false, "was_bought": 0, "tags": [1]}}, {"model": "static_content.media", "pk": 13, "fields": {"name": "homework", "created_at": "2022-08-14T11:40:58.219Z", "updated_at": "2022-08-14T11:40:58.219Z", "owner": 1, "description": "", "is_enabled": true, "cost": "0.00", "is_published": true, "is_approved": false, "was_bought": 0, "tags": [1]}}, {"model": "static_content.media", "pk": 15, "fields": {"name": "homework", "created_at": "2022-08-14T11:45:24.465Z", "updated_at": "2022-08-14T11:45:24.465Z", "owner": 1, "description": "", "is_enabled": true, "cost": "0.00", "is_published": true, "is_approved": false, "was_bought": 0, "tags": [1]}}, {"model": "static_content.media", "pk": 16, "fields": {"name": "homework", "created_at": "2022-08-14T11:53:26.393Z", "updated_at": "2022-08-14T11:53:26.393Z", "owner": 1, "description": "", "is_enabled": true, "cost": "0.00", "is_published": true, "is_approved": false, "was_bought": 0, "tags": [1]}}, {"model": "static_content.media", "pk": 17, "fields": {"name": "homework", "created_at": "2022-08-14T12:02:07.565Z", "updated_at": "2022-08-14T12:02:07.565Z", "owner": 1, "description": "", "is_enabled": true, "cost": "0.00", "is_published": true, "is_approved": false, "was_bought": 0, "tags": [1]}}, {"model": "static_content.media", "pk": 18, "fields": {"name": "homework", "created_at": "2022-08-22T09:35:48.399Z", "updated_at": "2022-08-22T09:35:48.399Z", "owner": 1, "description": "", "is_enabled": true, "cost": "0.00", "is_published": true, "is_approved": false, "was_bought": 0, "tags": [1]}}, {"model": "static_content.media", "pk": 19, "fields": {"name": "homework", "created_at": "2022-08-22T09:40:34.486Z", "updated_at": "2022-08-22T09:40:34.486Z", "owner": 1, "description": "", "is_enabled": true, "cost": "0.00", "is_published": true, "is_approved": false, "was_bought": 0, "tags": [1]}}, {"model": "static_content.attachment", "pk": 1, "fields": {"name": "Picture 1.png", "media": 1, "uri": "7a3e132f-5b10-40e0-9647-e948843eb697.png", "format": "png", "type": "image"}}, {"model": "static_content.attachment", "pk": 2, "fields": {"name": "Picture 1.png", "media": 3, "uri": "64d7d23c-c382-49ed-b828-32e6e2b6b986.png", "format": "png", "type": "image"}}, {"model": "static_content.attachment", "pk": 3, "fields": {"name": "Picture 1.png", "media": 4, "uri": "7a5027d7-ccf3-4510-8bab-1632a6947cf3.png", "format": "png", "type": "image"}}, {"model": "static_content.attachment", "pk": 4, "fields": {"name": "Picture 1.png", "media": 5, "uri": "69382875-9b0e-46a6-8985-ad8be8020a63.png", "format": "png", "type": "image"}}, {"model": "static_content.attachment", "pk": 5, "fields": {"name": "Picture 1.png", "media": 6, "uri": "eb7fffda-fc3f-45a2-adf3-e3dd289b45dd.png", "format": "png", "type": "image"}}, {"model": "static_content.attachment", "pk": 6, "fields": {"name": "Picture 1.png", "media": null, "uri": "4ea4daa3-9507-49eb-b45e-276c619ccd1f.png", "format": "png", "type": "image"}}, {"model": "static_content.attachment", "pk": 7, "fields": {"name": "Picture 1.png", "media": 8, "uri": "4f412e3b-3d25-405c-a574-93ebc0de9769.png", "format": "png", "type": "image"}}, {"model": "static_content.attachment", "pk": 8, "fields": {"name": "Picture 1.png", "media": 9, "uri": "63c580bf-9c68-4ecd-a7ee-5665cf167d63.png", "format": "png", "type": "image"}}, {"model": "static_content.attachment", "pk": 9, "fields": {"name": "Picture 1.png", "media": 10, "uri": "5679bfca-13e1-45de-b673-f590b33b687c.png", "format": "png", "type": "image"}}, {"model": "static_content.attachment", "pk": 10, "fields": {"name": "Picture 1.png", "media": 11, "uri": "0ba79a16-3e0c-44fd-9153-7d70839b706b.png", "format": "png", "type": "image"}}, {"model": "static_content.attachment", "pk": 11, "fields": {"name": "Picture 1.png", "media": 12, "uri": "4951ecbb-137e-4c40-a6de-e9c90529617d.png", "format": "png", "type": "image"}}, {"model": "static_content.attachment", "pk": 12, "fields": {"name": "Picture 1.png", "media": 13, "uri": "c44a03d4-f072-460f-afd7-13359be16df6.png", "format": "png", "type": "image"}}, {"model": "static_content.attachment", "pk": 13, "fields": {"name": "Picture 1.png", "media": 15, "uri": "04b4e6f8-3ada-4723-a93b-39b4c34b60dc.png", "format": "png", "type": "image"}}, {"model": "static_content.attachment", "pk": 14, "fields": {"name": "Picture 1.png", "media": null, "uri": "747504b4-08fd-4be0-912d-4cadb1a01f88.png", "format": "png", "type": "image"}}, {"model": "static_content.attachment", "pk": 15, "fields": {"name": "Picture 1.png", "media": 16, "uri": "46682e81-dae8-4753-a792-47e89442c7f0.png", "format": "png", "type": "image"}}, {"model": "static_content.attachment", "pk": 16, "fields": {"name": "Picture 1.png", "media": null, "uri": "01003bf7-fa03-4458-8f52-6c512721b73c.png", "format": "png", "type": "image"}}, {"model": "static_content.attachment", "pk": 17, "fields": {"name": "Picture 1.png", "media": null, "uri": "e631219e-1151-4541-a2f6-83bf41446890.png", "format": "png", "type": "image"}}, {"model": "static_content.attachment", "pk": 18, "fields": {"name": "Picture 1.png", "media": null, "uri": "721e90ac-18be-4f2a-a868-8af91ddd1314.png", "format": "png", "type": "image"}}, {"model": "static_content.attachment", "pk": 19, "fields": {"name": "Picture 1.png", "media": null, "uri": "fc4c402c-b9ce-4dcd-b325-90909783d54e.png", "format": "png", "type": "image"}}, {"model": "static_content.attachment", "pk": 20, "fields": {"name": "Picture 1.png", "media": 17, "uri": "a7665e5d-d9d0-4214-975e-e222e76e15e1.png", "format": "png", "type": "image"}}, {"model": "static_content.attachment", "pk": 21, "fields": {"name": "own.jpg", "media": 18, "uri": "14d015a9-8ec5-461b-b6cd-8ebeaaac0a6e.jpg", "format": "jpeg", "type": "image"}}, {"model": "static_content.attachment", "pk": 22, "fields": {"name": "own.jpg", "media": 19, "uri": "f7ea1b8b-98c7-4473-bd66-6217d6c7fd4a.jpg", "format": "jpeg", "type": "image"}}, {"model": "authentication.user", "pk": 1, "fields": {"password": "pbkdf2_sha256$320000$ij7ozeMW0liFlVfnaJCJGa$zW03oLHPF7/OODt2JzHdoFGduWV2bav/E/Mp7HQIHkU=", "last_login": null, "is_superuser": false, "first_name": "h", "last_name": "b", "is_staff": false, "is_active": true, "date_joined": "2022-08-14T09:57:44.042Z", "email": "test@informatik.hs-fulda.de", "groups": [], "user_permissions": []}}, {"model": "authentication.user", "pk": 2, "fields": {"password": "pbkdf2_sha256$320000$i2DUoEqllERtRqqb3KwRy8$v9qj3/H7Sl+TSmOwUxCYyV4gwzAV1CEJ43M8S07bwTQ=", "last_login": null, "is_superuser": true, "first_name": "h", "last_name": "b", "is_staff": true, "is_active": true, "date_joined": "2022-08-22T09:37:21.984Z", "email": "admin@informatik.hs-fulda.de", "groups": [], "user_permissions": []}}]